title,count,clean_title
sde1,300,sde 1
sde2,291,sde 2
softwareengineer,284,sde 1
seniorsoftwareengineer,111,sde 2
sdeintern,76,sde intern
softwaredeveloper,76,sde 1
softwaredevi,60,sde 1
sde,59,sde 1
analyst,51,analyst
sdeii,46,sde 2
intern,43,sde intern
softwareengineer2,43,sde 2
softwaredevelopmentengineer,41,sde 1
softwareengineerintern,39,sde intern
softwaredevelopmentengineer1,36,sde 1
softwareengineeringintern,35,sde intern
sdei,35,sde 1
sde3,33,sde 3
softwareengineerii,32,sde 2
associatesoftwareengineer,31,sde 1
softwareengineer1,28,sde 1
softwareengineeri,27,sde 1
associate,24,sde 1
softwaredevelopmentengineeri,23,sde 1
sweintern,22,sde intern
mts3,21,mts 3
memberoftechnicalstaff,20,mts 1
l4,20,l4
sse,20,sde 2
softwaredevii,19,sde 2
smts,17,mts 2
softwaredevelopmentengineer2,17,sde 2
engineer,16,sde 1
softwaredeveloperintern,15,sde intern
systemengineer,15,systems engineer
mts2,14,mts 2
softwaredev2,14,sde 2
l3,14,l3
sde1l4,14,sde 1
ic2,13,ic2
se2,13,sde 2
projectengineer,13,project engineer
softwareengineeriii,12,sde 3
mts,12,mts 1
softwaredevelopmentengineerintern,12,sde intern
datascientist,12,data scientist
e4,11,e4
softwaredevelopmentengineerii,11,sde 2
seniorengineer,10,sde 2
se,10,sde 1
seniormemberoftechnicalstaff,10,mts 2
softwaredeveloper2,9,sde 2
technologyanalyst,9,techonology analyst
softwaredevelopmentintern,9,sde intern
productengineer,9,product engineer
l62,9,l62
systemsoftwareengineer,8,systems engineer
l60,8,l60
l5,8,l5
applicationdeveloper,8,application developer
softwaredevengineeri,8,sde 1
l61,8,l61
softwaredeveloperengineeri,8,sde 1
sdeiii,8,sde 3
dataengineer,8,data engineer 1
softwaredevintern,7,sde intern
technicalanalyst,7,technical analyst
manager,7,manager
seniorsoftwaredeveloper,7,sde 2
softwaredev,7,sde 1
backendengineer,7,sde 1
deanofcodingacademicslife,7,dean
softwareengineerbackend,6,sde 1
se3,6,sde 3
consultant,6,consultant
systemsengineer,6,systems engineer
softwareengineer3,6,sde 3
softwaredevelopmentengineeringintern,6,sde intern
mts1,6,mts 1
swe,6,sde 1
ic3,6,ic3
seniordataengineer,6,data engineer 2
mtsintern,6,mts intern
summeranalyst,5,summer analyst
technologysummeranalyst,5,technology summer analyst
e5,5,e5
sde1newgrad,5,sde 1
technologyintern,5,technology intern
staffsoftwareengineer,5,staff sde
newgradsoftwareengineer,5,sde 1
seniorsoftwareengineer1,5,sde 2
sde2backend,5,sde 2
summerintern,5,summer intern
associatedeveloper,5,sde 1
associatesoftwaredeveloper,5,sde 1
leadengineer,5,sde 3
sweii,5,sde 2
leadsoftwareengineer,5,sde 3
l63,5,l63
applicationsengineer,5,applications engineer
datascienceintern,5,data scientist intern
softwaredevelopmentengineerintest,5,sdet
mts4,5,mts 4
powerprogrammer,5,power programmer
p4,5,p4
studenttrainee,4,student trainee
associatesoftwaredevelopmentengineer,4,sde 1
softwareengineerl3,4,l3
fullstackdeveloper,4,full stack developer
softwareintern,4,sde intern
juniorsoftwareengineer,4,sde 1
vp,4,vp
seniorsde,4,sde 2
sde2l5,4,l5
sdetii,4,sdet 2
sde1level60,4,l60
seniormts,4,mts 2
applicationengineer,4,applications engineer
developerassociate,4,developer associate
memberoftechnicalstaff2,4,mts 2
swe1,4,sde 1
srsoftwareengineer,4,sde 2
fullstackengineer,4,full stack developer
newgradsde,4,sde 1
assistantsystemengineer,4,systems engineer
vicepresident,4,vp
swe2,4,sde 2
technologyanalystintern,4,technology analyst intern
l59,4,l59
sdel4,4,l4
associateprofessionalsoftwareengineer,3,sde 1
asde2,3,sde 2
sde2equivalent,3,sde 2
swel3,3,l3
internsoftwareengineer,3,sde intern
sdet2,3,sdet 2
membertechnicalstaff,3,mts 1
dataanalystintern,3,data analyst intern
computerscientist1,3,computer scientist 1
seniormembertechnicalstaff,3,mts 2
softwaredevelopmentengineeriii,3,sde 3
technicallead,3,sde 3
seniorsoftwaredevelopmentengineer,3,sde 2
principalengineer,3,principal engineer
sdet,3,sdet 1
membertechnical,3,mts
engineeringintern,3,sde intern
engineeriii,3,sde 3
sd2,3,sde 2
productintern,3,product intern
associateengineer,3,sde 1
associateapplicationdeveloper,3,associate application developer
cloudsupportassociate,3,cloud support assocaite
softwaredevelopmentengineerll,3,sde 2
seniorassociate,3,senior assocaite
memberoftechincalstaff2,3,mts 2
srswe,3,sde 2
in3,3,in3
l3softwareengineer,3,l3
graduateengineertrainee,3,graduate engineer trainee
summerinternship,3,summer intern
softwaredeveloperengineer,3,sde 1
techlead,3,sde 3
appliedscientist,3,applied scientist
backenddeveloper,3,sde 1
get,3,graduate engineer trainee
specialistprogrammer,2,specialist programmer
solutionarchitect,2,solutions architect
frontendengineer,2,frontend engineer
softwaredevnewgrad,2,sde 1
softwaredevengineer,2,sde 1
softwaredevelopmentengineerlevel2,2,sde 2
softwaredevelopementengineer,2,sde 1
sdeinandroid,2,sde android
sde2l61,2,l61
developer,2,sde 1
softwaredeveloperengineerii,2,sde 2
csa,2,csa
appliedscientistintern,2,applied scientst intern
seniorfrontendengineer,2,senior frontend engineer
technologyconsultant,2,technology consultant
engineeringlead,2,sde 3
ic4,2,ic4
sde4,2,sde 4
seniorbackendengineer,2,sde 2
edgengineer,2,edge engineer
systemsengineeringradec1,2,n/a
ict3,2,n/a
memberoftechnicalstaff4,2,n/a
graduatesoftwareengineer,2,n/a
iosdeveloper,2,n/a
softwareengineerl2,2,n/a
seniorsoftwareengineer2,2,n/a
machinelearningengineer,2,n/a
fte,2,n/a
newgradswe,2,n/a
juniorsoftwaredeveloper,2,n/a
se3in3,2,n/a
softwaredevelopmentengineerbigdatabackend,2,n/a
memberoftechnicalstaff1,2,n/a
airesident,2,n/a
assistantvicepresident,2,n/a
platformengineer,2,n/a
sdenewgrad,2,n/a
tdpswe,2,n/a
staffengineer1,2,n/a
seniorconsultant,2,n/a
backendengineeri,2,n/a
softwareengineeringresident,2,n/a
rotationalengineer,2,n/a
softwareengineerl59,2,n/a
associateprofessor,2,n/a
softwaredev3,2,n/a
computerscientist,2,n/a
engineeringmanager,2,n/a
softwaredevl4,2,n/a
mentoratgeeksclasses,2,n/a
applicationdeveloperanalyst,2,n/a
applicationsupportengineer,2,n/a
enterprisetechnologyintern,2,n/a
datascientistintern,2,n/a
softwaredevengineernewgrad,2,n/a
interndeveloper,2,n/a
memberoftechincalstaff,2,n/a
applicationdeveloper2,2,n/a
newanalyst,2,n/a
projectleader,2,n/a
softwareengineerentrylevel,2,n/a
seniordatascientist,2,n/a
l64,2,n/a
traineetechnology,2,n/a
swe3,2,n/a
softwareengineerfullstack,2,n/a
swee3,2,n/a
sseg4level,2,n/a
senioranalyst,2,n/a
softwaredevelopementengineeri,2,n/a
srassoicate,2,n/a
engineeri,2,n/a
swel4,2,n/a
ic5,2,n/a
developmentarchitect,2,n/a
srsde,2,n/a
l4softwareengineer,2,n/a
dataanalyst,2,n/a
softwaredeveloperi,2,n/a
mtsic2,2,n/a
dataengineer2level5,2,n/a
sdel3,2,n/a
se3t24,2,n/a
softwaredev1,2,n/a
seniorsoftwareengg,2,n/a
swel61,2,n/a
traineesoftwareengineer,2,n/a
techanalyst,2,n/a
technicalsolutionsengineer,2,n/a
machinelearningintern,2,n/a
softwaredeveloper3,2,n/a
techcradre,2,n/a
softwaredeveloperengineer1,2,n/a
softwareengineerll,2,n/a
sde1l60,2,n/a
softwaredevelopmentengineerl4,2,n/a
javadeveloper,2,n/a
softwareengineerl4,2,n/a
researchintern,2,n/a
softwareengineerl1,2,n/a
softwaredeveloper1,2,n/a
softwareengineerl61,2,n/a
60,2,n/a
e5swe,2,n/a
implementationengineer,2,n/a
se2l61,2,n/a
sitereliabilityengineer,2,n/a
staffengineer,2,n/a
associatememberoftechnicalstaff,2,n/a
sse1,2,n/a
sdesummerintern,2,n/a
softwareengineerl60,2,n/a
ase,2,n/a
sde3equivalent,2,n/a
smtsic3,1,n/a
l4seniorsoftwareengineerbackend,1,n/a
seniorsoftwaredev,1,n/a
airesearchengineerintern,1,n/a
softwareengineerstocklevel62,1,n/a
softwareengineeringspecialist,1,n/a
softwareengii,1,n/a
softwaredesignengineer,1,n/a
lmts,1,n/a
seniorsoftwareegineerl64,1,n/a
machinelearningdataengineer,1,n/a
501,1,n/a
technologistintern,1,n/a
uiengineer2,1,n/a
e5seniordeveloper,1,n/a
mlintern,1,n/a
seniorengg,1,n/a
technicalleader1,1,n/a
technicalapprentice,1,n/a
seniorstaffengineer,1,n/a
softwareengineerp2,1,n/a
e4swe,1,n/a
sde2atoracle,1,n/a
principalmemberoftechnicalstaff,1,n/a
softwareengineeringdevelopernetworkengineersdataanalytics,1,n/a
enterprisesystemsengineer,1,n/a
webdevelopmentengineer,1,n/a
lead,1,n/a
sde5,1,n/a
softwaredeveloperandfrontenddeveloper,1,n/a
softwareengineer5,1,n/a
mtsiv,1,n/a
technicalleade3,1,n/a
seniorappliedscientistl6,1,n/a
softwaredevelopmentengineerinternship,1,n/a
seniormanager,1,n/a
softwaredevelopementengineerintestii,1,n/a
seniorengineeringmanager,1,n/a
gamedeveloper,1,n/a
aidevelopertechnologyintern,1,n/a
studenttechnology,1,n/a
softwareengineerict2,1,n/a
performanceengineerintern,1,n/a
swe1l59,1,n/a
seniorapplicationsecurityengineerseniorlevel,1,n/a
technicalgraduateprogramme,1,n/a
sdeplatformengg,1,n/a
scientist,1,n/a
mtsiii,1,n/a
productengineerintern,1,n/a
applicationengineerintern,1,n/a
memberoftechnicalstaffservertechnology,1,n/a
dataengineerseniorlevel,1,n/a
pe2,1,n/a
digital,1,n/a
seniorprincipalsoftwareengineer,1,n/a
trainee,1,n/a
2monthssdesummerinternship,1,n/a
srsoftwaredev,1,n/a
srsoftwaredevl63,1,n/a
appliedscientist2,1,n/a
softwareengineering,1,n/a
juniorassociate,1,n/a
iosengineerse2,1,n/a
softwareengineer2level61,1,n/a
pmts,1,n/a
fullstackdevelopercloudband7,1,n/a
advancedsoftwareengineer,1,n/a
aspireassociate,1,n/a
associatesoftwaredev,1,n/a
salesforcedeveloper,1,n/a
seniormembertechnical,1,n/a
softwaredevl60,1,n/a
leadfullstack,1,n/a
sreentry,1,n/a
softwareengineeringprofessional,1,n/a
srswengg,1,n/a
seniorfullstackengineer,1,n/a
softwareperformanceengineer,1,n/a
applicationdevelopersenior,1,n/a
softwareengineeer3,1,n/a
asicengineer,1,n/a
engineeringmanagerii,1,n/a
sed3,1,n/a
sde1sdenewgrad,1,n/a
sdeinternsummer2020,1,n/a
swei,1,n/a
memberoftechnicalstaffi,1,n/a
assodean,1,n/a
systemengineerspecialist,1,n/a
senioesoftwareengineer,1,n/a
sde1level4,1,n/a
associatesoftwaredevelopementengineeri,1,n/a
frontendengineerintern,1,n/a
webappsoftwaredeveloper,1,n/a
summer2019graduateintern,1,n/a
softwaredevelopersde2,1,n/a
grade7,1,n/a
softwareengineernewgrad,1,n/a
businesstechnologyanalyst,1,n/a
softwareengineerapplication,1,n/a
softwaredeveloperband7,1,n/a
seniorassoicatedeveloper,1,n/a
digitalcadre,1,n/a
memberoftechnicalstaffservertech,1,n/a
level60,1,n/a
softwaredataenginee,1,n/a
itanalyst,1,n/a
jrsoftwareengineerjrdataengineerjrdatascientist,1,n/a
datadeveloper,1,n/a
softwaredevelopmentengineerl60,1,n/a
sde2atsharechat,1,n/a
associateswe,1,n/a
fullstackdeveloperintern,1,n/a
softwaredevelopmentengineer3,1,n/a
emergingleadersprogram,1,n/a
softwareleaddeveloper,1,n/a
teachingassistant,1,n/a
fullstackarchitect,1,n/a
leadengineere3,1,n/a
ds1,1,n/a
softwaredevelopment,1,n/a
swemll3,1,n/a
seniorassociateplatforml1,1,n/a
mlmodeller,1,n/a
srsoftwareengg,1,n/a
level59,1,n/a
technicaldevelopmentprogram,1,n/a
softwaredeviil61,1,n/a
seniorsoftwaredevelopmentengineerdeputymanager,1,n/a
senior,1,n/a
l3orsoftwareengineer2,1,n/a
associateintegrationconsultant,1,n/a
productdevelopmentengineerrd,1,n/a
dataengineer2,1,n/a
sdeiiawsteam,1,n/a
fee1,1,n/a
pmtsic4,1,n/a
tse,1,n/a
staffsoftwaretestengineer,1,n/a
softwaredeveloperrdengineer,1,n/a
phdintern,1,n/a
networkengineer1,1,n/a
designengineerspecialist,1,n/a
edgintern,1,n/a
cloudsupporteng1,1,n/a
srsoftwareengr,1,n/a
associatetechnicallead,1,n/a
androidsdeii,1,n/a
sdeiil5,1,n/a
summeranalyst2020,1,n/a
srsoftwaredesignengineeri,1,n/a
principalenginner,1,n/a
backendsoftwareengineeringintern,1,n/a
teachingassistantatgeeksclasses,1,n/a
technologyassociate,1,n/a
productdevelopmentengineertrainee,1,n/a
quantanalyst,1,n/a
engineeringdevelopmentprogramtechrotationalprogram,1,n/a
l10,1,n/a
softwaredevengineerintern,1,n/a
datascientistcomputervisionintern,1,n/a
sdeinternfte,1,n/a
swdeveloperpositionlevel10,1,n/a
dataintegrationanalyst,1,n/a
uiengineeri,1,n/a
dataanalysti,1,n/a
p5,1,n/a
t4,1,n/a
applicationsengineeringintern,1,n/a
sal2,1,n/a
sweiii,1,n/a
rd1,1,n/a
softwaredeve3,1,n/a
informationsystemsgradintern,1,n/a
systemdebuglead,1,n/a
advsoftwareengineeri,1,n/a
softwaredevelopmentengineer4,1,n/a
contentintern,1,n/a
softwaredeveloperconsultant,1,n/a
seniorsoftwaredevi,1,n/a
qaanalyst,1,n/a
quantandstrats,1,n/a
diagnosticsoftwarearchitectureengineer,1,n/a
senioruiengineer,1,n/a
wde2,1,n/a
developmentconsultant,1,n/a
backendintern,1,n/a
softwaredeveloperatpositionlevel10,1,n/a
modelinganalyst,1,n/a
cryptographyengineer,1,n/a
appdevintern,1,n/a
websolutionsengineer,1,n/a
applicationsengineerapplicationsdeveloper2,1,n/a
softwareprogrammer,1,n/a
swesre,1,n/a
batchtechnicalanalyst,1,n/a
senioriosengineer,1,n/a
sdeiil62,1,n/a
softwareengg3,1,n/a
applicationdevelopmentassociate,1,n/a
fullstack,1,n/a
developercoop,1,n/a
productdevelopmentengineer1,1,n/a
softwareengineerassociate,1,n/a
e3,1,n/a
backendengineerintern,1,n/a
softwareengineernewgrad2021,1,n/a
engineerintechnologyteam,1,n/a
dean,1,n/a
technicalassociatesoftwareengineer,1,n/a
sde1fresher,1,n/a
backenddevelopersummerintern,1,n/a
softwareengineertrainee,1,n/a
dataappliedscientistintern,1,n/a
researchdevelopmentengineeri,1,n/a
ssde1,1,n/a
techconsultant,1,n/a
graduateengineertraineeentrylevel,1,n/a
softwareengineeric3,1,n/a
productdevelopmentengineer,1,n/a
chiefengineer,1,n/a
technicalrotationandcareerknowledge,1,n/a
backenddeveloperintern,1,n/a
softwareengineersummerintern,1,n/a
seniormachinelearningengineer,1,n/a
sde5960,1,n/a
coresoftwaredeveloper,1,n/a
flcsengineer,1,n/a
traineeanalyst,1,n/a
setupdevelopertrack,1,n/a
pythonplacementdeveloper,1,n/a
sde1backend,1,n/a
assistantmanagerdatascience,1,n/a
sweinternfor6monthduration,1,n/a
seniorsoftwaredevelopmentengineer1,1,n/a
sdeinternship,1,n/a
researcher,1,n/a
sdetiii,1,n/a
deeplearningintern,1,n/a
deeplearningengineer,1,n/a
quantitativestrategist,1,n/a
sdeinternbackend,1,n/a
amazontechnicalapprentice,1,n/a
digitalconsltant,1,n/a
greaduateengineertrainee,1,n/a
l8,1,n/a
softwaredevengineertest,1,n/a
seniorsoftwaredevelopmentengineerfrontend,1,n/a
softwareengineeringprogram,1,n/a
softwareengineere5,1,n/a
marketingdataanalyst,1,n/a
entrylevelsoftwareengineer,1,n/a
t22,1,n/a
sdet3,1,n/a
devops,1,n/a
datascientistlevelii,1,n/a
sdeii61,1,n/a
advisorysystemanalyst,1,n/a
seniorswe,1,n/a
researchscientiste4,1,n/a
seniorsoftwareengineerl63,1,n/a
dataengineeringintern,1,n/a
telecomdomain,1,n/a
e3newgrad,1,n/a
qualityengineer3in3,1,n/a
seniorwebapplicationsengineer,1,n/a
principalassociatesoftwaredeveloper,1,n/a
pythondeveloper,1,n/a
seniorsoftwareassociate,1,n/a
seniorapplicationsengineer,1,n/a
applicationsdevelopmentassociate,1,n/a
applicationdevelopmentanalyst,1,n/a
seniorcloudsoftwaredeveloper,1,n/a
sdemlengineer,1,n/a
softwareengineer1productengineer1,1,n/a
l3iesde1,1,n/a
sitereliabityengineer,1,n/a
graduatesoftwareengineertrainee,1,n/a
programasociateb,1,n/a
softwareengineert4,1,n/a
associatelevel2,1,n/a
seniorsolutionarchitect,1,n/a
contentdevelopmentintern,1,n/a
associatetechnologyl2,1,n/a
softwaredevlopmentengineer,1,n/a
appdeveloper,1,n/a
softwareengineerleadconsultant,1,n/a
qualityengineeriii,1,n/a
techstartprogramintern,1,n/a
computerscientist2,1,n/a
generalistsoftwareengineerintern,1,n/a
productionengineere3,1,n/a
sdell,1,n/a
graduateintern,1,n/a
scientist2,1,n/a
sde1l1,1,n/a
technologyengineer,1,n/a
researchdevelopmentengineerii,1,n/a
softwaredevelpper,1,n/a
entry,1,n/a
stratsintern,1,n/a
softwaredevelopmentengineeringtraineeengineer,1,n/a
asde,1,n/a
softwareengineert3,1,n/a
engineerii,1,n/a
softwareengineergrade,1,n/a
2019softwareengineer,1,n/a
associateconsultant,1,n/a
programassociatea,1,n/a
technicalstaffmember,1,n/a
tipprogramintern,1,n/a
technicalsupportl3,1,n/a
associatesoftwareengineerentrylevel,1,n/a
principalsoftwareengineer,1,n/a
technologybusinessanalyst,1,n/a
aiengineerintern,1,n/a
softwaredevengineer1,1,n/a
sdemachinelearning,1,n/a
l3orwebsolutionsengineer,1,n/a
phdsweinternship,1,n/a
rdengineer1,1,n/a
ict2swe,1,n/a
programmer,1,n/a
softwareengineeriv,1,n/a
graduatetechnologyanalyst,1,n/a
memebertechnical,1,n/a
srsoftwareengineeri,1,n/a
cloudsoftwareengineerg10,1,n/a
productengineer2,1,n/a
in3sde3,1,n/a
engineer1,1,n/a
swengineer,1,n/a
graduateanalysttechnology,1,n/a
softwareengineermts,1,n/a
sweinternrd,1,n/a
frontendengineer1,1,n/a
softwareengine,1,n/a
memberoftechnicalstaff3,1,n/a
sde1downlevedfromsde2,1,n/a
sweband7,1,n/a
sdeinternl4,1,n/a
gradsde2020,1,n/a
infotainmentdeveloperintern,1,n/a
teachingassistantatinterviewbitacademy,1,n/a
bankofamericaglobaltechnologyanalyst,1,n/a
associateapplicationsdeveloper,1,n/a
securitysweintern,1,n/a
level4,1,n/a
softwareengineergrade6,1,n/a
supervisingassociate,1,n/a
level61,1,n/a
softwaredevelopmentengineerinternshipsummer2020,1,n/a
seniornetcdeveloper,1,n/a
softwareengineer2level62,1,n/a
internundergraduate,1,n/a
seniorsoftwareengineerl5,1,n/a
asde1,1,n/a
l3swe,1,n/a
softwarequalityengineeric2,1,n/a
machinelearningswe,1,n/a
associatesde,1,n/a
softwareengineeranalyst,1,n/a
technicalprojectmanagerintern,1,n/a
wsel3,1,n/a
c1band,1,n/a
softwareengineerios,1,n/a
taxtechnologyintern,1,n/a
associatesoftwaredevii,1,n/a
scientificassistant,1,n/a
machinelearningengineerl5,1,n/a
t3,1,n/a
associateseniordeveloper,1,n/a
seniordevelopmentengineer,1,n/a
softwareengineerdevelopernetworksrd,1,n/a
softwaredevl62,1,n/a
softwaredevengineerintest,1,n/a
frontendengineerlevel5,1,n/a
seniorengineer1,1,n/a
contractorseniorsde,1,n/a
assistantmanager42,1,n/a
productengineeringintern,1,n/a
seniorcloudsolutionsengineer,1,n/a
seniorsolutionconsultant,1,n/a
leetcodesolution,1,n/a
systemsdevelopmentengineer,1,n/a
m,1,n/a
emeaentrylevelengineering,1,n/a
softwaredeveloper5,1,n/a
associatesoftwaredevelopmentengineertraineeengineer,1,n/a
cl9,1,n/a
newgradsoftwaredeveloper,1,n/a
dataengg,1,n/a
sdml6,1,n/a
dataengineerii,1,n/a
fullstackjavadeveloper,1,n/a
reasearchanddevelopmentengineer2,1,n/a
seniorproductengineer,1,n/a
softwaretestengineer,1,n/a
deanofcodingacademics,1,n/a
pythondjangobackenddeveloper,1,n/a
associatesoftwareproductengineer,1,n/a
embeddedsoftwareengineer,1,n/a
qaeii,1,n/a
applicationandsupportengineer,1,n/a
qaengineer,1,n/a
analystinsoftwareengineerprogram,1,n/a
programanalyst,1,n/a
securityengineer,1,n/a
softwaredevl3,1,n/a
principaldataengineeric4,1,n/a
fulltime,1,n/a
swel62,1,n/a
associateenginner,1,n/a
entrylevelautomationtestingengineer,1,n/a
itintegrationintern,1,n/a
softwareengineerjuniorcandidate,1,n/a
appliedscientist1,1,n/a
l7,1,n/a
systemdevelopmentengineerl5,1,n/a
engineerdesignanddevelopment,1,n/a
sdedidn,1,n/a
softwaredevelopper,1,n/a
systemengineergradec1,1,n/a
toolongtoremember,1,n/a
testengineersenior,1,n/a
srteachlead,1,n/a
sde1atprimevideoteam,1,n/a
associatesoftwaredevelopmentengineer1,1,n/a
softwareengineertechnicalleadvp,1,n/a
t22developer,1,n/a
quant,1,n/a
productionengineerl3,1,n/a
mdp,1,n/a
l3newgrad,1,n/a
srsdet,1,n/a
summersoftwaredeveloperintern,1,n/a
softwareengineernotsure,1,n/a
softwaredevelopmentengineerintest2,1,n/a
softwaredevelopmenttrainee,1,n/a
seii,1,n/a
graduatesoftwareengineeri,1,n/a
seniortechnicaldeveloper,1,n/a
nlpengineercoop,1,n/a
uiengineer,1,n/a
softwaredevassociatelevel,1,n/a
graphicssoftwareengineer,1,n/a
softwaredeveloperii,1,n/a
softwareengineerg6,1,n/a
postgraduatetrainee,1,n/a
summersdeintern,1,n/a
newgradsoftwareengineer2021,1,n/a
cdeveloper,1,n/a
bta,1,n/a
seniorsoftwaredevengineer,1,n/a
principlefrontendengr,1,n/a
sweic3,1,n/a
softwaredevelopmentengineere4,1,n/a
seniorse,1,n/a
softwaredeveloperlevel2,1,n/a
appliedrdengineer,1,n/a
21,1,n/a
artificialintelligencedeveloper,1,n/a
seniorqa,1,n/a
swefulltime,1,n/a
levelnotdefined,1,n/a
lseniorengineer,1,n/a
softwareengineerl62,1,n/a
graduateitsoftwaredeveloper,1,n/a
l5sde2,1,n/a
sde2grade6,1,n/a
sapl1,1,n/a
cloudplatformdeveloper,1,n/a
seniorsoftwareegineerl63,1,n/a
juniorengineer,1,n/a
executivegraduatetrainee,1,n/a
professor,1,n/a
academysoftwareengineer,1,n/a
midlevel,1,n/a
sproductengineer,1,n/a
operationsengineer,1,n/a
softwaredevelopmentengineerl,1,n/a
engineeringdevelopmentgroupintern,1,n/a
sde1inandroid,1,n/a
appliedscientistii,1,n/a
in4,1,n/a
researchanddevelopmentmanager,1,n/a
sd,1,n/a
summertechanalyst,1,n/a
webdevelopmentta,1,n/a
sdeinternsdefulltime,1,n/a
l60softwareengineer,1,n/a
softwareengineer3t24,1,n/a
sotwareengineer,1,n/a
technicalhead,1,n/a
l4se,1,n/a
l61sde2,1,n/a
entrylevel,1,n/a
techologysummeranalyst,1,n/a
datascientistii,1,n/a
srsoftwaredeveloperintern,1,n/a
techmojo,1,n/a
softwareengieer,1,n/a
appliedscientistl4,1,n/a
qualityengineeri,1,n/a
ic1,1,n/a
fdeii,1,n/a
ict4,1,n/a
businessanalyst,1,n/a
ressearchintern,1,n/a
androiddeveloper,1,n/a